ACX,ACY,ACZ,GX,GY,GZ,PRESS1,PRESS2,PRESS3,Time,TanAhKow,Yes,1,1.1,1.2,1.3,1.4,1.5,1.6,1.7,1.8,1.9,1.10,1.11,1.12,1.13,1.14,1.15,1.16,1.17,1.18,1.19,1.20,1.21,1.22,1.23,1.24,1.25,1.26,1.27,1.28,1.29,1.30,1.31,1.32,1.33,1.34,1.35,1.36,1.37,1.38,1.39,1.40,1.41,1.42,1.43,1.44,1.45,1.46,1.47,1.48,1.49,1.50,1.51,1.52,1.53,1.54,1.55,1.56,1.57,1.58,1.59,1.60,1.61,0,0.1,1.62,1.63,1.64,1.65,1.66,1.67,1.68
0.12,-0.59,0.8,0.28,-1.82,0.77,74,71,82,25/06/2023 12:34:06,,,,,,,,,,,,,,,,,,,,,,,,,,,,,,,,,,,,,,,,,,,,,,,,,,,,,,,,,,,,,,,,,,,,,,,,,
0.13,-0.59,0.8,0.35,-2.03,0.84,85,84,92,25/06/2023 12:34:06,,,,,,,,,,,,,,,,,,,,,,,,,,,,,,,,,,,,,,,,,,,,,,,,,,,,,,,,,,,,,,,,,,,,,,,,,
0.12,-0.59,0.8,0.35,-1.89,0.91,79,79,91,25/06/2023 12:34:06,,,,,,,,,,,,,,,,,,,,,,,,,,,,,,,,,,,,,,,,,,,,,,,,,,,,,,,,,,,,,,,,,,,,,,,,,
0.13,-0.59,0.8,0.21,-1.96,0.91,79,79,93,25/06/2023 12:34:06,,,,,,,,,,,,,,,,,,,,,,,,,,,,,,,,,,,,,,,,,,,,,,,,,,,,,,,,,,,,,,,,,,,,,,,,,
0.13,-0.59,0.8,0.56,-1.75,0.84,80,78,88,25/06/2023 12:34:06,,,,,,,,,,,,,,,,,,,,,,,,,,,,,,,,,,,,,,,,,,,,,,,,,,,,,,,,,,,,,,,,,,,,,,,,,
0.12,-0.59,0.8,0.35,-1.89,0.98,81,81,92,25/06/2023 12:34:06,,,,,,,,,,,,,,,,,,,,,,,,,,,,,,,,,,,,,,,,,,,,,,,,,,,,,,,,,,,,,,,,,,,,,,,,,
0.13,-0.59,0.8,0.21,-1.96,1.05,75,74,85,25/06/2023 12:34:06,,,,,,,,,,,,,,,,,,,,,,,,,,,,,,,,,,,,,,,,,,,,,,,,,,,,,,,,,,,,,,,,,,,,,,,,,
0.12,-0.6,0.79,0.35,-1.75,0.91,83,83,96,25/06/2023 12:34:06,,,,,,,,,,,,,,,,,,,,,,,,,,,,,,,,,,,,,,,,,,,,,,,,,,,,,,,,,,,,,,,,,,,,,,,,,
0.12,-0.6,0.8,0.49,-1.82,0.84,79,77,90,25/06/2023 12:34:06,,,,,,,,,,,,,,,,,,,,,,,,,,,,,,,,,,,,,,,,,,,,,,,,,,,,,,,,,,,,,,,,,,,,,,,,,
0.12,-0.6,0.8,0.28,-1.89,0.84,83,84,97,25/06/2023 12:34:06,,,,,,,,,,,,,,,,,,,,,,,,,,,,,,,,,,,,,,,,,,,,,,,,,,,,,,,,,,,,,,,,,,,,,,,,,
0.13,-0.6,0.79,0.21,-1.96,0.7,72,70,83,25/06/2023 12:34:06,,,,,,,,,,,,,,,,,,,,,,,,,,,,,,,,,,,,,,,,,,,,,,,,,,,,,,,,,,,,,,,,,,,,,,,,,
0.13,-0.6,0.8,0.21,-1.89,0.56,82,86,100,25/06/2023 12:34:06,,,,,,,,,,,,,,,,,,,,,,,,,,,,,,,,,,,,,,,,,,,,,,,,,,,,,,,,,,,,,,,,,,,,,,,,,
0.12,-0.6,0.79,0.35,-1.96,0.56,77,75,89,25/06/2023 12:34:06,,,,,,,,,,,,,,,,,,,,,,,,,,,,,,,,,,,,,,,,,,,,,,,,,,,,,,,,,,,,,,,,,,,,,,,,,
0.12,-0.6,0.79,0.35,-1.96,0.56,77,75,89,25/06/2023 12:34:07,,,,,,,,,,,,,,,,,,,,,,,,,,,,,,,,,,,,,,,,,,,,,,,,,,,,,,,,,,,,,,,,,,,,,,,,,
0.13,-0.6,0.79,-0.07,-1.89,0.21,78,77,91,25/06/2023 12:34:07,,,,,,,,,,,,,,,,,,,,,,,,,,,,,,,,,,,,,,,,,,,,,,,,,,,,,,,,,,,,,,,,,,,,,,,,,
0.12,-0.6,0.8,0.14,-2.1,0.56,86,85,99,25/06/2023 12:34:07,,,,,,,,,,,,,,,,,,,,,,,,,,,,,,,,,,,,,,,,,,,,,,,,,,,,,,,,,,,,,,,,,,,,,,,,,
0.13,-0.6,0.8,0.07,-1.96,0.56,73,70,83,25/06/2023 12:34:07,,,,,,,,,,,,,,,,,,,,,,,,,,,,,,,,,,,,,,,,,,,,,,,,,,,,,,,,,,,,,,,,,,,,,,,,,
0.13,-0.6,0.8,0.14,-1.89,0.42,84,86,100,25/06/2023 12:34:07,,,,,,,,,,,,,,,,,,,,,,,,,,,,,,,,,,,,,,,,,,,,,,,,,,,,,,,,,,,,,,,,,,,,,,,,,
0.13,-0.6,0.8,0.14,-1.96,0.56,79,78,90,25/06/2023 12:34:07,,,,,,,,,,,,,,,,,,,,,,,,,,,,,,,,,,,,,,,,,,,,,,,,,,,,,,,,,,,,,,,,,,,,,,,,,
0.12,-0.59,0.8,0.84,-1.54,1.26,77,75,87,25/06/2023 12:34:07,,,,,,,,,,,,,,,,,,,,,,,,,,,,,,,,,,,,,,,,,,,,,,,,,,,,,,,,,,,,,,,,,,,,,,,,,
0.13,-0.6,0.8,0.21,-1.89,0.91,78,76,88,25/06/2023 12:34:07,,,,,,,,,,,,,,,,,,,,,,,,,,,,,,,,,,,,,,,,,,,,,,,,,,,,,,,,,,,,,,,,,,,,,,,,,
0.13,-0.6,0.8,0.35,-1.89,0.91,84,86,98,25/06/2023 12:34:07,,,,,,,,,,,,,,,,,,,,,,,,,,,,,,,,,,,,,,,,,,,,,,,,,,,,,,,,,,,,,,,,,,,,,,,,,
0.13,-0.6,0.8,0.49,-2.03,1.05,78,75,87,25/06/2023 12:34:07,,,,,,,,,,,,,,,,,,,,,,,,,,,,,,,,,,,,,,,,,,,,,,,,,,,,,,,,,,,,,,,,,,,,,,,,,
0.12,-0.6,0.8,0.35,-1.75,0.84,82,84,97,25/06/2023 12:34:07,,,,,,,,,,,,,,,,,,,,,,,,,,,,,,,,,,,,,,,,,,,,,,,,,,,,,,,,,,,,,,,,,,,,,,,,,
0.13,-0.61,0.8,0.28,-2.1,0.84,75,71,83,25/06/2023 12:34:07,,,,,,,,,,,,,,,,,,,,,,,,,,,,,,,,,,,,,,,,,,,,,,,,,,,,,,,,,,,,,,,,,,,,,,,,,
0.12,-0.6,0.8,-0.07,-2.03,0.7,83,85,98,25/06/2023 12:34:07,,,,,,,,,,,,,,,,,,,,,,,,,,,,,,,,,,,,,,,,,,,,,,,,,,,,,,,,,,,,,,,,,,,,,,,,,
0.12,-0.6,0.8,0.35,-1.82,0.49,77,76,89,25/06/2023 12:34:07,,,,,,,,,,,,,,,,,,,,,,,,,,,,,,,,,,,,,,,,,,,,,,,,,,,,,,,,,,,,,,,,,,,,,,,,,
0.13,-0.6,0.8,0.14,-1.96,0.42,83,82,96,25/06/2023 12:34:07,,,,,,,,,,,,,,,,,,,,,,,,,,,,,,,,,,,,,,,,,,,,,,,,,,,,,,,,,,,,,,,,,,,,,,,,,
0.13,-0.6,0.8,-0.21,-1.96,0.42,77,76,90,25/06/2023 12:34:07,,,,,,,,,,,,,,,,,,,,,,,,,,,,,,,,,,,,,,,,,,,,,,,,,,,,,,,,,,,,,,,,,,,,,,,,,
0.12,-0.6,0.79,0.28,-1.89,0.42,76,76,88,25/06/2023 12:34:07,,,,,,,,,,,,,,,,,,,,,,,,,,,,,,,,,,,,,,,,,,,,,,,,,,,,,,,,,,,,,,,,,,,,,,,,,
0.12,-0.6,0.79,0.28,-1.89,0.42,76,76,88,25/06/2023 12:34:08,,,,,,,,,,,,,,,,,,,,,,,,,,,,,,,,,,,,,,,,,,,,,,,,,,,,,,,,,,,,,,,,,,,,,,,,,
0.13,-0.6,0.8,0.0,-1.96,0.28,84,85,100,25/06/2023 12:34:08,,,,,,,,,,,,,,,,,,,,,,,,,,,,,,,,,,,,,,,,,,,,,,,,,,,,,,,,,,,,,,,,,,,,,,,,,
0.12,-0.6,0.8,0.35,-1.82,0.35,74,71,83,25/06/2023 12:34:08,,,,,,,,,,,,,,,,,,,,,,,,,,,,,,,,,,,,,,,,,,,,,,,,,,,,,,,,,,,,,,,,,,,,,,,,,
0.12,-0.6,0.8,0.14,-1.89,0.56,84,86,100,25/06/2023 12:34:08,,,,,,,,,,,,,,,,,,,,,,,,,,,,,,,,,,,,,,,,,,,,,,,,,,,,,,,,,,,,,,,,,,,,,,,,,
0.12,-0.6,0.8,0.14,-1.89,0.56,80,80,95,25/06/2023 12:34:08,,,,,,,,,,,,,,,,,,,,,,,,,,,,,,,,,,,,,,,,,,,,,,,,,,,,,,,,,,,,,,,,,,,,,,,,,
0.12,-0.6,0.8,0.35,-2.03,0.63,71,71,84,25/06/2023 12:34:08,,,,,,,,,,,,,,,,,,,,,,,,,,,,,,,,,,,,,,,,,,,,,,,,,,,,,,,,,,,,,,,,,,,,,,,,,
0.12,-0.6,0.8,0.35,-1.96,0.84,83,85,99,25/06/2023 12:34:08,,,,,,,,,,,,,,,,,,,,,,,,,,,,,,,,,,,,,,,,,,,,,,,,,,,,,,,,,,,,,,,,,,,,,,,,,
0.13,-0.6,0.79,0.21,-2.1,0.77,75,74,86,25/06/2023 12:34:08,,,,,,,,,,,,,,,,,,,,,,,,,,,,,,,,,,,,,,,,,,,,,,,,,,,,,,,,,,,,,,,,,,,,,,,,,
0.13,-0.6,0.8,0.42,-1.96,0.7,83,84,98,25/06/2023 12:34:08,,,,,,,,,,,,,,,,,,,,,,,,,,,,,,,,,,,,,,,,,,,,,,,,,,,,,,,,,,,,,,,,,,,,,,,,,
0.12,-0.6,0.8,0.14,-2.1,0.63,79,80,92,25/06/2023 12:34:08,,,,,,,,,,,,,,,,,,,,,,,,,,,,,,,,,,,,,,,,,,,,,,,,,,,,,,,,,,,,,,,,,,,,,,,,,
0.12,-0.6,0.79,0.35,-1.89,0.56,76,75,86,25/06/2023 12:34:08,,,,,,,,,,,,,,,,,,,,,,,,,,,,,,,,,,,,,,,,,,,,,,,,,,,,,,,,,,,,,,,,,,,,,,,,,
0.13,-0.6,0.8,-0.14,-2.1,0.42,85,86,98,25/06/2023 12:34:08,,,,,,,,,,,,,,,,,,,,,,,,,,,,,,,,,,,,,,,,,,,,,,,,,,,,,,,,,,,,,,,,,,,,,,,,,
0.12,-0.61,0.8,0.35,-1.89,0.35,75,71,84,25/06/2023 12:34:08,,,,,,,,,,,,,,,,,,,,,,,,,,,,,,,,,,,,,,,,,,,,,,,,,,,,,,,,,,,,,,,,,,,,,,,,,
0.13,-0.6,0.8,0.21,-1.89,0.49,83,84,96,25/06/2023 12:34:08,,,,,,,,,,,,,,,,,,,,,,,,,,,,,,,,,,,,,,,,,,,,,,,,,,,,,,,,,,,,,,,,,,,,,,,,,
0.13,-0.6,0.8,0.14,-1.96,0.21,81,81,94,25/06/2023 12:34:08,,,,,,,,,,,,,,,,,,,,,,,,,,,,,,,,,,,,,,,,,,,,,,,,,,,,,,,,,,,,,,,,,,,,,,,,,
0.12,-0.6,0.8,-0.21,-2.17,0.07,74,72,83,25/06/2023 12:34:08,,,,,,,,,,,,,,,,,,,,,,,,,,,,,,,,,,,,,,,,,,,,,,,,,,,,,,,,,,,,,,,,,,,,,,,,,
0.13,-0.6,0.8,0.0,-2.03,0.21,83,86,100,25/06/2023 12:34:08,,,,,,,,,,,,,,,,,,,,,,,,,,,,,,,,,,,,,,,,,,,,,,,,,,,,,,,,,,,,,,,,,,,,,,,,,
0.13,-0.6,0.8,0.0,-2.03,0.21,83,86,100,25/06/2023 12:34:09,,,,,,,,,,,,,,,,,,,,,,,,,,,,,,,,,,,,,,,,,,,,,,,,,,,,,,,,,,,,,,,,,,,,,,,,,
0.12,-0.6,0.8,0.0,-1.96,0.42,75,72,86,25/06/2023 12:34:09,,,,,,,,,,,,,,,,,,,,,,,,,,,,,,,,,,,,,,,,,,,,,,,,,,,,,,,,,,,,,,,,,,,,,,,,,
0.13,-0.6,0.8,0.07,-2.31,0.49,74,73,85,25/06/2023 12:34:09,,,,,,,,,,,,,,,,,,,,,,,,,,,,,,,,,,,,,,,,,,,,,,,,,,,,,,,,,,,,,,,,,,,,,,,,,
0.12,-0.6,0.8,0.42,-1.75,0.77,85,87,100,25/06/2023 12:34:09,,,,,,,,,,,,,,,,,,,,,,,,,,,,,,,,,,,,,,,,,,,,,,,,,,,,,,,,,,,,,,,,,,,,,,,,,
0.12,-0.6,0.8,17.85,-1.89,0.63,75,74,86,25/06/2023 12:34:09,,,,,,,,,,,,,,,,,,,,,,,,,,,,,,,,,,,,,,,,,,,,,,,,,,,,,,,,,,,,,,,,,,,,,,,,,
0.12,-0.6,0.8,0.21,-2.03,0.63,86,86,101,25/06/2023 12:34:09,,,,,,,,,,,,,,,,,,,,,,,,,,,,,,,,,,,,,,,,,,,,,,,,,,,,,,,,,,,,,,,,,,,,,,,,,
0.12,-0.6,0.79,0.28,-1.75,0.91,77,73,85,25/06/2023 12:34:09,,,,,,,,,,,,,,,,,,,,,,,,,,,,,,,,,,,,,,,,,,,,,,,,,,,,,,,,,,,,,,,,,,,,,,,,,
0.12,-0.6,0.8,0.0,-2.03,0.56,81,81,95,25/06/2023 12:34:09,,,,,,,,,,,,,,,,,,,,,,,,,,,,,,,,,,,,,,,,,,,,,,,,,,,,,,,,,,,,,,,,,,,,,,,,,
0.13,-0.6,0.79,0.28,-2.03,0.49,85,85,97,25/06/2023 12:34:09,,,,,,,,,,,,,,,,,,,,,,,,,,,,,,,,,,,,,,,,,,,,,,,,,,,,,,,,,,,,,,,,,,,,,,,,,
0.12,-0.6,0.79,0.14,-1.75,0.21,73,72,82,25/06/2023 12:34:09,,,,,,,,,,,,,,,,,,,,,,,,,,,,,,,,,,,,,,,,,,,,,,,,,,,,,,,,,,,,,,,,,,,,,,,,,
0.12,-0.6,0.79,0.07,-1.96,0.35,84,86,98,25/06/2023 12:34:09,,,,,,,,,,,,,,,,,,,,,,,,,,,,,,,,,,,,,,,,,,,,,,,,,,,,,,,,,,,,,,,,,,,,,,,,,
0.13,-0.6,0.8,-0.07,-2.1,0.14,77,75,88,25/06/2023 12:34:09,,,,,,,,,,,,,,,,,,,,,,,,,,,,,,,,,,,,,,,,,,,,,,,,,,,,,,,,,,,,,,,,,,,,,,,,,
0.12,-0.6,0.8,0.0,-1.96,0.07,81,79,91,25/06/2023 12:34:09,,,,,,,,,,,,,,,,,,,,,,,,,,,,,,,,,,,,,,,,,,,,,,,,,,,,,,,,,,,,,,,,,,,,,,,,,
0.13,-0.6,0.79,0.0,-1.89,0.21,82,84,95,25/06/2023 12:34:09,,,,,,,,,,,,,,,,,,,,,,,,,,,,,,,,,,,,,,,,,,,,,,,,,,,,,,,,,,,,,,,,,,,,,,,,,
0.12,-0.59,0.8,0.21,-2.03,0.35,73,71,83,25/06/2023 12:34:09,,,,,,,,,,,,,,,,,,,,,,,,,,,,,,,,,,,,,,,,,,,,,,,,,,,,,,,,,,,,,,,,,,,,,,,,,
0.12,-0.59,0.8,-0.07,-2.03,0.35,84,85,101,25/06/2023 12:34:09,,,,,,,,,,,,,,,,,,,,,,,,,,,,,,,,,,,,,,,,,,,,,,,,,,,,,,,,,,,,,,,,,,,,,,,,,
0.12,-0.59,0.8,0.35,-1.89,0.63,76,74,87,25/06/2023 12:34:09,,,,,,,,,,,,,,,,,,,,,,,,,,,,,,,,,,,,,,,,,,,,,,,,,,,,,,,,,,,,,,,,,,,,,,,,,
0.13,-0.6,0.8,0.0,-2.1,0.63,78,78,93,25/06/2023 12:34:09,,,,,,,,,,,,,,,,,,,,,,,,,,,,,,,,,,,,,,,,,,,,,,,,,,,,,,,,,,,,,,,,,,,,,,,,,
0.13,-0.6,0.8,0.0,-2.1,0.63,78,78,93,25/06/2023 12:34:10,,,,,,,,,,,,,,,,,,,,,,,,,,,,,,,,,,,,,,,,,,,,,,,,,,,,,,,,,,,,,,,,,,,,,,,,,
0.13,-0.59,0.79,0.21,-1.82,0.56,81,84,100,25/06/2023 12:34:10,,,,,,,,,,,,,,,,,,,,,,,,,,,,,,,,,,,,,,,,,,,,,,,,,,,,,,,,,,,,,,,,,,,,,,,,,
0.12,-0.59,0.8,0.28,-1.96,1.05,73,72,84,25/06/2023 12:34:10,,,,,,,,,,,,,,,,,,,,,,,,,,,,,,,,,,,,,,,,,,,,,,,,,,,,,,,,,,,,,,,,,,,,,,,,,
0.13,-0.6,0.79,0.28,-1.96,0.91,84,84,101,25/06/2023 12:34:10,,,,,,,,,,,,,,,,,,,,,,,,,,,,,,,,,,,,,,,,,,,,,,,,,,,,,,,,,,,,,,,,,,,,,,,,,
0.12,-0.6,0.8,0.49,-1.75,0.7,77,75,88,25/06/2023 12:34:10,,,,,,,,,,,,,,,,,,,,,,,,,,,,,,,,,,,,,,,,,,,,,,,,,,,,,,,,,,,,,,,,,,,,,,,,,
0.13,-0.6,0.79,0.07,-2.17,0.63,78,77,91,25/06/2023 12:34:10,,,,,,,,,,,,,,,,,,,,,,,,,,,,,,,,,,,,,,,,,,,,,,,,,,,,,,,,,,,,,,,,,,,,,,,,,
0.13,-0.6,0.8,0.14,-2.1,0.56,81,83,97,25/06/2023 12:34:10,,,,,,,,,,,,,,,,,,,,,,,,,,,,,,,,,,,,,,,,,,,,,,,,,,,,,,,,,,,,,,,,,,,,,,,,,
0.13,-0.6,0.8,0.0,-2.1,0.49,73,71,82,25/06/2023 12:34:10,,,,,,,,,,,,,,,,,,,,,,,,,,,,,,,,,,,,,,,,,,,,,,,,,,,,,,,,,,,,,,,,,,,,,,,,,
0.12,-0.6,0.79,0.0,-1.96,0.35,77,78,89,25/06/2023 12:34:10,,,,,,,,,,,,,,,,,,,,,,,,,,,,,,,,,,,,,,,,,,,,,,,,,,,,,,,,,,,,,,,,,,,,,,,,,
0.12,-0.6,0.8,0.14,-1.82,0.49,81,83,96,25/06/2023 12:34:10,,,,,,,,,,,,,,,,,,,,,,,,,,,,,,,,,,,,,,,,,,,,,,,,,,,,,,,,,,,,,,,,,,,,,,,,,
0.12,-0.59,0.79,0.49,-1.4,0.84,77,74,86,25/06/2023 12:34:10,,,,,,,,,,,,,,,,,,,,,,,,,,,,,,,,,,,,,,,,,,,,,,,,,,,,,,,,,,,,,,,,,,,,,,,,,
0.12,-0.6,0.79,0.77,-1.96,0.77,79,78,91,25/06/2023 12:34:10,,,,,,,,,,,,,,,,,,,,,,,,,,,,,,,,,,,,,,,,,,,,,,,,,,,,,,,,,,,,,,,,,,,,,,,,,
0.12,-0.6,0.81,-0.49,-1.68,0.28,82,82,96,25/06/2023 12:34:10,,,,,,,,,,,,,,,,,,,,,,,,,,,,,,,,,,,,,,,,,,,,,,,,,,,,,,,,,,,,,,,,,,,,,,,,,
0.12,-0.59,0.8,0.63,-1.54,1.26,76,73,88,25/06/2023 12:34:10,,,,,,,,,,,,,,,,,,,,,,,,,,,,,,,,,,,,,,,,,,,,,,,,,,,,,,,,,,,,,,,,,,,,,,,,,
0.12,-0.6,0.8,0.21,-2.1,1.19,85,85,101,25/06/2023 12:34:10,,,,,,,,,,,,,,,,,,,,,,,,,,,,,,,,,,,,,,,,,,,,,,,,,,,,,,,,,,,,,,,,,,,,,,,,,
0.12,-0.6,0.8,0.42,-1.89,1.05,73,71,84,25/06/2023 12:34:10,,,,,,,,,,,,,,,,,,,,,,,,,,,,,,,,,,,,,,,,,,,,,,,,,,,,,,,,,,,,,,,,,,,,,,,,,
0.13,-0.6,0.8,0.14,-1.68,1.12,83,83,97,25/06/2023 12:34:10,,,,,,,,,,,,,,,,,,,,,,,,,,,,,,,,,,,,,,,,,,,,,,,,,,,,,,,,,,,,,,,,,,,,,,,,,
0.12,-0.59,0.8,0.35,-2.31,0.91,79,78,89,25/06/2023 12:34:11,,,,,,,,,,,,,,,,,,,,,,,,,,,,,,,,,,,,,,,,,,,,,,,,,,,,,,,,,,,,,,,,,,,,,,,,,
0.12,-0.6,0.79,0.77,-1.4,1.26,78,77,88,25/06/2023 12:34:11,,,,,,,,,,,,,,,,,,,,,,,,,,,,,,,,,,,,,,,,,,,,,,,,,,,,,,,,,,,,,,,,,,,,,,,,,
0.12,-0.61,0.78,0.21,-0.63,0.91,86,86,100,25/06/2023 12:34:11,,,,,,,,,,,,,,,,,,,,,,,,,,,,,,,,,,,,,,,,,,,,,,,,,,,,,,,,,,,,,,,,,,,,,,,,,
0.13,-0.6,0.79,-0.14,-2.31,0.14,75,74,86,25/06/2023 12:34:11,,,,,,,,,,,,,,,,,,,,,,,,,,,,,,,,,,,,,,,,,,,,,,,,,,,,,,,,,,,,,,,,,,,,,,,,,
0.12,-0.6,0.8,0.49,-1.89,0.56,82,84,96,25/06/2023 12:34:11,,,,,,,,,,,,,,,,,,,,,,,,,,,,,,,,,,,,,,,,,,,,,,,,,,,,,,,,,,,,,,,,,,,,,,,,,
0.13,-0.6,0.8,0.0,-2.1,0.42,81,79,91,25/06/2023 12:34:11,,,,,,,,,,,,,,,,,,,,,,,,,,,,,,,,,,,,,,,,,,,,,,,,,,,,,,,,,,,,,,,,,,,,,,,,,
0.13,-0.6,0.8,0.21,-1.54,0.35,75,73,85,25/06/2023 12:34:11,,,,,,,,,,,,,,,,,,,,,,,,,,,,,,,,,,,,,,,,,,,,,,,,,,,,,,,,,,,,,,,,,,,,,,,,,
0.12,-0.59,0.79,0.49,-2.24,0.91,84,83,98,25/06/2023 12:34:11,,,,,,,,,,,,,,,,,,,,,,,,,,,,,,,,,,,,,,,,,,,,,,,,,,,,,,,,,,,,,,,,,,,,,,,,,
0.12,-0.6,0.8,0.0,-2.17,0.56,76,74,86,25/06/2023 12:34:11,,,,,,,,,,,,,,,,,,,,,,,,,,,,,,,,,,,,,,,,,,,,,,,,,,,,,,,,,,,,,,,,,,,,,,,,,
0.12,-0.6,0.8,0.07,-1.96,0.35,80,79,92,25/06/2023 12:34:11,,,,,,,,,,,,,,,,,,,,,,,,,,,,,,,,,,,,,,,,,,,,,,,,,,,,,,,,,,,,,,,,,,,,,,,,,
0.12,-0.6,0.8,-0.28,-2.31,0.21,83,84,95,25/06/2023 12:34:11,,,,,,,,,,,,,,,,,,,,,,,,,,,,,,,,,,,,,,,,,,,,,,,,,,,,,,,,,,,,,,,,,,,,,,,,,
0.12,-0.6,0.8,0.0,-1.82,0.7,79,76,89,25/06/2023 12:34:11,,,,,,,,,,,,,,,,,,,,,,,,,,,,,,,,,,,,,,,,,,,,,,,,,,,,,,,,,,,,,,,,,,,,,,,,,
0.13,-0.6,0.8,0.14,-2.38,1.05,83,84,98,25/06/2023 12:34:11,,,,,,,,,,,,,,,,,,,,,,,,,,,,,,,,,,,,,,,,,,,,,,,,,,,,,,,,,,,,,,,,,,,,,,,,,
0.12,-0.61,0.79,0.63,-2.03,0.91,73,72,86,25/06/2023 12:34:11,,,,,,,,,,,,,,,,,,,,,,,,,,,,,,,,,,,,,,,,,,,,,,,,,,,,,,,,,,,,,,,,,,,,,,,,,
0.12,-0.6,0.79,0.28,-1.96,0.7,82,83,100,25/06/2023 12:34:11,,,,,,,,,,,,,,,,,,,,,,,,,,,,,,,,,,,,,,,,,,,,,,,,,,,,,,,,,,,,,,,,,,,,,,,,,
0.12,-0.6,0.8,0.49,-1.75,0.56,75,75,89,25/06/2023 12:34:11,,,,,,,,,,,,,,,,,,,,,,,,,,,,,,,,,,,,,,,,,,,,,,,,,,,,,,,,,,,,,,,,,,,,,,,,,
0.12,-0.6,0.8,0.49,-1.75,0.56,75,75,89,25/06/2023 12:34:12,,,,,,,,,,,,,,,,,,,,,,,,,,,,,,,,,,,,,,,,,,,,,,,,,,,,,,,,,,,,,,,,,,,,,,,,,
0.12,-0.6,0.8,0.42,-1.68,0.7,76,76,88,25/06/2023 12:34:12,,,,,,,,,,,,,,,,,,,,,,,,,,,,,,,,,,,,,,,,,,,,,,,,,,,,,,,,,,,,,,,,,,,,,,,,,
0.12,-0.6,0.79,0.0,-1.89,0.56,81,83,97,25/06/2023 12:34:12,,,,,,,,,,,,,,,,,,,,,,,,,,,,,,,,,,,,,,,,,,,,,,,,,,,,,,,,,,,,,,,,,,,,,,,,,
0.12,-0.6,0.8,0.49,-2.03,0.98,77,76,91,25/06/2023 12:34:12,,,,,,,,,,,,,,,,,,,,,,,,,,,,,,,,,,,,,,,,,,,,,,,,,,,,,,,,,,,,,,,,,,,,,,,,,
0.12,-0.61,0.8,0.14,-1.82,0.14,78,76,88,25/06/2023 12:34:12,,,,,,,,,,,,,,,,,,,,,,,,,,,,,,,,,,,,,,,,,,,,,,,,,,,,,,,,,,,,,,,,,,,,,,,,,
0.12,-0.59,0.8,-0.07,-1.96,-0.14,82,83,96,25/06/2023 12:34:12,,,,,,,,,,,,,,,,,,,,,,,,,,,,,,,,,,,,,,,,,,,,,,,,,,,,,,,,,,,,,,,,,,,,,,,,,
0.12,-0.6,0.8,0.21,-1.68,0.77,74,72,85,25/06/2023 12:34:12,,,,,,,,,,,,,,,,,,,,,,,,,,,,,,,,,,,,,,,,,,,,,,,,,,,,,,,,,,,,,,,,,,,,,,,,,
0.12,-0.59,0.81,0.07,-3.08,0.7,82,83,97,25/06/2023 12:34:12,,,,,,,,,,,,,,,,,,,,,,,,,,,,,,,,,,,,,,,,,,,,,,,,,,,,,,,,,,,,,,,,,,,,,,,,,
0.12,-0.62,0.81,0.35,-1.19,0.35,77,74,87,25/06/2023 12:34:12,,,,,,,,,,,,,,,,,,,,,,,,,,,,,,,,,,,,,,,,,,,,,,,,,,,,,,,,,,,,,,,,,,,,,,,,,
0.13,-0.59,0.8,0.49,-1.12,1.33,81,78,91,25/06/2023 12:34:12,,,,,,,,,,,,,,,,,,,,,,,,,,,,,,,,,,,,,,,,,,,,,,,,,,,,,,,,,,,,,,,,,,,,,,,,,
0.12,-0.59,0.8,0.63,-2.17,1.33,78,77,89,25/06/2023 12:34:12,,,,,,,,,,,,,,,,,,,,,,,,,,,,,,,,,,,,,,,,,,,,,,,,,,,,,,,,,,,,,,,,,,,,,,,,,
0.14,-0.61,0.83,2.03,-3.36,1.19,77,75,88,25/06/2023 12:34:12,,,,,,,,,,,,,,,,,,,,,,,,,,,,,,,,,,,,,,,,,,,,,,,,,,,,,,,,,,,,,,,,,,,,,,,,,
0.11,-0.61,0.77,1.89,0.84,1.19,83,84,97,25/06/2023 12:34:12,,,,,,,,,,,,,,,,,,,,,,,,,,,,,,,,,,,,,,,,,,,,,,,,,,,,,,,,,,,,,,,,,,,,,,,,,
0.12,-0.59,0.79,-0.84,-2.31,-0.42,75,73,85,25/06/2023 12:34:12,,,,,,,,,,,,,,,,,,,,,,,,,,,,,,,,,,,,,,,,,,,,,,,,,,,,,,,,,,,,,,,,,,,,,,,,,
0.12,-0.6,0.81,-0.07,-2.66,0.21,82,82,96,25/06/2023 12:34:12,,,,,,,,,,,,,,,,,,,,,,,,,,,,,,,,,,,,,,,,,,,,,,,,,,,,,,,,,,,,,,,,,,,,,,,,,
0.12,-0.6,0.8,0.49,-1.33,0.42,77,74,86,25/06/2023 12:34:12,,,,,,,,,,,,,,,,,,,,,,,,,,,,,,,,,,,,,,,,,,,,,,,,,,,,,,,,,,,,,,,,,,,,,,,,,
0.12,-0.6,0.8,-0.35,-2.24,-0.49,79,78,94,25/06/2023 12:34:12,,,,,,,,,,,,,,,,,,,,,,,,,,,,,,,,,,,,,,,,,,,,,,,,,,,,,,,,,,,,,,,,,,,,,,,,,
0.09,-0.59,0.75,-0.07,0.42,-3.01,79,78,90,25/06/2023 12:34:12,,,,,,,,,,,,,,,,,,,,,,,,,,,,,,,,,,,,,,,,,,,,,,,,,,,,,,,,,,,,,,,,,,,,,,,,,
0.13,-0.54,0.83,1.33,-3.78,2.66,77,73,87,25/06/2023 12:34:12,,,,,,,,,,,,,,,,,,,,,,,,,,,,,,,,,,,,,,,,,,,,,,,,,,,,,,,,,,,,,,,,,,,,,,,,,
0.13,-0.54,0.83,1.33,-3.78,2.66,77,73,87,25/06/2023 12:34:13,,,,,,,,,,,,,,,,,,,,,,,,,,,,,,,,,,,,,,,,,,,,,,,,,,,,,,,,,,,,,,,,,,,,,,,,,
0.12,-0.62,0.8,2.73,-0.91,3.43,83,84,99,25/06/2023 12:34:13,,,,,,,,,,,,,,,,,,,,,,,,,,,,,,,,,,,,,,,,,,,,,,,,,,,,,,,,,,,,,,,,,,,,,,,,,
0.12,-0.6,0.78,-1.82,-0.77,-3.57,76,75,88,25/06/2023 12:34:13,,,,,,,,,,,,,,,,,,,,,,,,,,,,,,,,,,,,,,,,,,,,,,,,,,,,,,,,,,,,,,,,,,,,,,,,,
0.13,-0.54,0.82,1.12,-1.96,2.87,79,78,92,25/06/2023 12:34:13,,,,,,,,,,,,,,,,,,,,,,,,,,,,,,,,,,,,,,,,,,,,,,,,,,,,,,,,,,,,,,,,,,,,,,,,,
0.15,-0.64,0.8,2.59,-3.85,4.06,83,84,97,25/06/2023 12:34:13,,,,,,,,,,,,,,,,,,,,,,,,,,,,,,,,,,,,,,,,,,,,,,,,,,,,,,,,,,,,,,,,,,,,,,,,,
0.11,-0.66,0.78,-1.33,-0.84,-3.36,75,74,85,25/06/2023 12:34:13,,,,,,,,,,,,,,,,,,,,,,,,,,,,,,,,,,,,,,,,,,,,,,,,,,,,,,,,,,,,,,,,,,,,,,,,,
0.13,-0.59,0.8,-1.4,-1.05,-2.59,82,82,94,25/06/2023 12:34:13,,,,,,,,,,,,,,,,,,,,,,,,,,,,,,,,,,,,,,,,,,,,,,,,,,,,,,,,,,,,,,,,,,,,,,,,,
0.12,-0.57,0.8,-0.07,-2.03,0.7,77,74,85,25/06/2023 12:34:13,,,,,,,,,,,,,,,,,,,,,,,,,,,,,,,,,,,,,,,,,,,,,,,,,,,,,,,,,,,,,,,,,,,,,,,,,
0.12,-0.58,0.81,1.12,-2.45,2.66,82,83,96,25/06/2023 12:34:13,,,,,,,,,,,,,,,,,,,,,,,,,,,,,,,,,,,,,,,,,,,,,,,,,,,,,,,,,,,,,,,,,,,,,,,,,
0.12,-0.62,0.78,0.56,-1.47,0.49,77,74,86,25/06/2023 12:34:13,,,,,,,,,,,,,,,,,,,,,,,,,,,,,,,,,,,,,,,,,,,,,,,,,,,,,,,,,,,,,,,,,,,,,,,,,
0.12,-0.59,0.79,-0.28,-1.47,-0.56,82,80,93,25/06/2023 12:34:13,,,,,,,,,,,,,,,,,,,,,,,,,,,,,,,,,,,,,,,,,,,,,,,,,,,,,,,,,,,,,,,,,,,,,,,,,
0.12,-0.58,0.8,-0.14,-1.89,0.7,80,79,93,25/06/2023 12:34:13,,,,,,,,,,,,,,,,,,,,,,,,,,,,,,,,,,,,,,,,,,,,,,,,,,,,,,,,,,,,,,,,,,,,,,,,,
0.12,-0.59,0.8,1.05,-1.75,1.68,78,77,89,25/06/2023 12:34:13,,,,,,,,,,,,,,,,,,,,,,,,,,,,,,,,,,,,,,,,,,,,,,,,,,,,,,,,,,,,,,,,,,,,,,,,,
0.12,-0.6,0.79,0.42,-2.17,0.56,78,77,89,25/06/2023 12:34:13,,,,,,,,,,,,,,,,,,,,,,,,,,,,,,,,,,,,,,,,,,,,,,,,,,,,,,,,,,,,,,,,,,,,,,,,,
0.12,-0.6,0.8,0.0,-2.24,0.0,81,82,96,25/06/2023 12:34:13,,,,,,,,,,,,,,,,,,,,,,,,,,,,,,,,,,,,,,,,,,,,,,,,,,,,,,,,,,,,,,,,,,,,,,,,,
0.12,-0.61,0.79,0.42,-1.05,0.35,76,74,84,25/06/2023 12:34:13,,,,,,,,,,,,,,,,,,,,,,,,,,,,,,,,,,,,,,,,,,,,,,,,,,,,,,,,,,,,,,,,,,,,,,,,,
0.12,-0.59,0.8,-0.14,-2.24,0.21,81,82,96,25/06/2023 12:34:13,,,,,,,,,,,,,,,,,,,,,,,,,,,,,,,,,,,,,,,,,,,,,,,,,,,,,,,,,,,,,,,,,,,,,,,,,
0.12,-0.61,0.8,0.07,-2.45,0.21,82,80,93,25/06/2023 12:34:14,,,,,,,,,,,,,,,,,,,,,,,,,,,,,,,,,,,,,,,,,,,,,,,,,,,,,,,,,,,,,,,,,,,,,,,,,
0.12,-0.61,0.8,0.07,-1.4,0.42,76,74,87,25/06/2023 12:34:14,,,,,,,,,,,,,,,,,,,,,,,,,,,,,,,,,,,,,,,,,,,,,,,,,,,,,,,,,,,,,,,,,,,,,,,,,
0.12,-0.6,0.79,-0.35,-2.45,-0.35,84,83,96,25/06/2023 12:34:14,,,,,,,,,,,,,,,,,,,,,,,,,,,,,,,,,,,,,,,,,,,,,,,,,,,,,,,,,,,,,,,,,,,,,,,,,
0.13,-0.6,0.81,0.07,-2.38,0.07,78,78,90,25/06/2023 12:34:14,,,,,,,,,,,,,,,,,,,,,,,,,,,,,,,,,,,,,,,,,,,,,,,,,,,,,,,,,,,,,,,,,,,,,,,,,
0.14,-0.61,0.8,-0.21,-2.87,0.84,77,75,88,25/06/2023 12:34:14,,,,,,,,,,,,,,,,,,,,,,,,,,,,,,,,,,,,,,,,,,,,,,,,,,,,,,,,,,,,,,,,,,,,,,,,,
0.12,-0.6,0.78,0.14,-2.03,0.28,84,84,97,25/06/2023 12:34:14,,,,,,,,,,,,,,,,,,,,,,,,,,,,,,,,,,,,,,,,,,,,,,,,,,,,,,,,,,,,,,,,,,,,,,,,,
0.12,-0.6,0.83,-0.42,-1.12,0.21,76,75,86,25/06/2023 12:34:14,,,,,,,,,,,,,,,,,,,,,,,,,,,,,,,,,,,,,,,,,,,,,,,,,,,,,,,,,,,,,,,,,,,,,,,,,
0.13,-0.58,0.79,0.14,-1.61,1.33,78,78,91,25/06/2023 12:34:14,,,,,,,,,,,,,,,,,,,,,,,,,,,,,,,,,,,,,,,,,,,,,,,,,,,,,,,,,,,,,,,,,,,,,,,,,
0.12,-0.6,0.8,0.28,-2.8,0.84,81,83,92,25/06/2023 12:34:14,,,,,,,,,,,,,,,,,,,,,,,,,,,,,,,,,,,,,,,,,,,,,,,,,,,,,,,,,,,,,,,,,,,,,,,,,
0.12,-0.61,0.8,0.14,-1.82,0.14,79,75,88,25/06/2023 12:34:14,,,,,,,,,,,,,,,,,,,,,,,,,,,,,,,,,,,,,,,,,,,,,,,,,,,,,,,,,,,,,,,,,,,,,,,,,
0.1,-0.59,0.79,-1.82,-0.28,1.75,84,82,96,25/06/2023 12:34:14,,,,,,,,,,,,,,,,,,,,,,,,,,,,,,,,,,,,,,,,,,,,,,,,,,,,,,,,,,,,,,,,,,,,,,,,,
0.1,-0.58,0.79,-1.54,-1.68,0.84,78,75,85,25/06/2023 12:34:14,,,,,,,,,,,,,,,,,,,,,,,,,,,,,,,,,,,,,,,,,,,,,,,,,,,,,,,,,,,,,,,,,,,,,,,,,
